{
  "accuracy": 0.9498069498069498,
  "precision": 0.9798387096774194,
  "recall": 0.9204545454545454,
  "f1_score": 0.94921875,
  "roc_auc": 0.989456573610117,
  "pr_auc": 0.9916325208667782,
  "specificity": 0.9803149606299213,
  "sensitivity": 0.9204545454545454,
  "false_positive_rate": 0.01968503937007874,
  "false_negative_rate": 0.07954545454545454,
  "tn": 249,
  "fp": 5,
  "fn": 21,
  "tp": 243,
  "confusion_matrix": [
    [
      249,
      5
    ],
    [
      21,
      243
    ]
  ]
}